Model,SplittingMethod,Hashing,Canonical,Shrinkage,Ordering,recentHist,FK_calls,Successful_Hashtable_Fetch,Backtracking_Counts,Backtracking_Length,Seen_Nodes
BIOMD0000000034,mostFreq,1,1,1,1,1,678,45,0,0,86
BIOMD0000000034,mostFreq,1,1,1,1,0,678,45,0,0,86
BIOMD0000000034,mostFreq,1,1,1,0,0,678,45,0,0,86
BIOMD0000000034,mostFreq,1,1,0,1,1,684,46,0,0,86
BIOMD0000000034,mostFreq,1,1,0,1,0,684,46,0,0,86
BIOMD0000000034,mostFreq,1,1,0,0,0,684,46,0,0,86
BIOMD0000000034,mostFreq,1,0,1,1,1,678,45,0,0,86
BIOMD0000000034,mostFreq,1,0,1,1,0,678,45,0,0,86
BIOMD0000000034,mostFreq,1,0,1,0,0,678,45,0,0,86
BIOMD0000000034,mostFreq,1,0,0,1,1,684,46,0,0,86
BIOMD0000000034,mostFreq,1,0,0,1,0,684,46,0,0,86
BIOMD0000000034,mostFreq,1,0,0,0,0,684,46,0,0,86
BIOMD0000000034,mostFreq,0,0,1,1,1,1748,0,4,8,303
BIOMD0000000034,mostFreq,0,0,1,1,0,1748,0,4,8,303
BIOMD0000000034,mostFreq,0,0,1,0,0,1748,0,4,8,303
BIOMD0000000034,mostFreq,0,0,0,1,1,2352,0,4,8,423
BIOMD0000000034,mostFreq,0,0,0,1,0,2352,0,4,8,423
BIOMD0000000034,mostFreq,0,0,0,0,0,2352,0,4,8,423
BIOMD0000000034,weightedVars,1,1,1,1,1,817,2,2,8,214
BIOMD0000000034,weightedVars,1,1,1,1,0,817,2,2,8,214
BIOMD0000000034,weightedVars,1,1,1,0,0,817,2,2,8,214
BIOMD0000000034,weightedVars,1,1,0,1,1,666,1,23,54,249
BIOMD0000000034,weightedVars,1,1,0,1,0,666,1,23,54,249
BIOMD0000000034,weightedVars,1,1,0,0,0,666,1,23,54,249
BIOMD0000000034,weightedVars,1,0,1,1,1,817,2,2,8,214
BIOMD0000000034,weightedVars,1,0,1,1,0,817,2,2,8,214
BIOMD0000000034,weightedVars,1,0,1,0,0,817,2,2,8,214
BIOMD0000000034,weightedVars,1,0,0,1,1,666,1,23,54,249
BIOMD0000000034,weightedVars,1,0,0,1,0,666,1,23,54,249
BIOMD0000000034,weightedVars,1,0,0,0,0,666,1,23,54,249
BIOMD0000000034,weightedVars,0,0,1,1,1,1006,0,14,47,250
BIOMD0000000034,weightedVars,0,0,1,1,0,1006,0,14,47,250
BIOMD0000000034,weightedVars,0,0,1,0,0,1006,0,14,47,250
BIOMD0000000034,weightedVars,0,0,0,1,1,732,0,24,57,253
BIOMD0000000034,weightedVars,0,0,0,1,0,732,0,24,57,253
BIOMD0000000034,weightedVars,0,0,0,0,0,732,0,24,57,253
BIOMD0000000042,mostFreq,1,1,1,1,1,253,46,8,12,126
BIOMD0000000042,mostFreq,1,1,1,1,0,253,46,8,12,126
BIOMD0000000042,mostFreq,1,1,1,0,0,253,46,8,12,126
BIOMD0000000042,mostFreq,1,1,0,1,1,429,41,16,66,192
BIOMD0000000042,mostFreq,1,1,0,1,0,429,41,16,66,192
BIOMD0000000042,mostFreq,1,1,0,0,0,429,41,16,66,192
BIOMD0000000042,mostFreq,1,0,1,1,1,253,46,8,12,126
BIOMD0000000042,mostFreq,1,0,1,1,0,253,46,8,12,126
BIOMD0000000042,mostFreq,1,0,1,0,0,253,46,8,12,126
BIOMD0000000042,mostFreq,1,0,0,1,1,429,41,16,66,192
BIOMD0000000042,mostFreq,1,0,0,1,0,429,41,16,66,192
BIOMD0000000042,mostFreq,1,0,0,0,0,429,41,16,66,192
BIOMD0000000042,mostFreq,0,0,1,1,1,1338,0,150,312,438
BIOMD0000000042,mostFreq,0,0,1,1,0,1338,0,150,312,438
BIOMD0000000042,mostFreq,0,0,1,0,0,1338,0,150,312,438
BIOMD0000000042,mostFreq,0,0,0,1,1,3435,0,260,1150,1295
BIOMD0000000042,mostFreq,0,0,0,1,0,3435,0,260,1150,1295
BIOMD0000000042,mostFreq,0,0,0,0,0,3435,0,260,1150,1295
BIOMD0000000042,weightedVars,1,1,1,1,1,807,10,43,119,302
BIOMD0000000042,weightedVars,1,1,1,1,0,807,10,43,119,302
BIOMD0000000042,weightedVars,1,1,1,0,0,807,10,43,119,302
BIOMD0000000042,weightedVars,1,1,0,1,1,1392,21,135,327,504
BIOMD0000000042,weightedVars,1,1,0,1,0,1392,21,135,327,504
BIOMD0000000042,weightedVars,1,1,0,0,0,1392,21,135,327,504
BIOMD0000000042,weightedVars,1,0,1,1,1,807,10,43,119,302
BIOMD0000000042,weightedVars,1,0,1,1,0,807,10,43,119,302
BIOMD0000000042,weightedVars,1,0,1,0,0,807,10,43,119,302
BIOMD0000000042,weightedVars,1,0,0,1,1,1392,21,135,327,504
BIOMD0000000042,weightedVars,1,0,0,1,0,1392,21,135,327,504
BIOMD0000000042,weightedVars,1,0,0,0,0,1392,21,135,327,504
BIOMD0000000042,weightedVars,0,0,1,1,1,1055,0,68,172,389
BIOMD0000000042,weightedVars,0,0,1,1,0,1055,0,68,172,389
BIOMD0000000042,weightedVars,0,0,1,0,0,1055,0,68,172,389
BIOMD0000000042,weightedVars,0,0,0,1,1,1135,0,95,291,490
BIOMD0000000042,weightedVars,0,0,0,1,0,1135,0,95,291,490
BIOMD0000000042,weightedVars,0,0,0,0,0,1135,0,95,291,490
BIOMD0000000048,mostFreq,1,1,1,1,1,2288,322,109,292,1436
BIOMD0000000048,mostFreq,1,1,1,1,0,2288,322,109,292,1436
BIOMD0000000048,mostFreq,1,1,1,0,0,2288,322,109,292,1436
BIOMD0000000048,mostFreq,1,1,0,1,1,2533,445,120,335,1630
BIOMD0000000048,mostFreq,1,1,0,1,0,2533,445,120,335,1630
BIOMD0000000048,mostFreq,1,1,0,0,0,2533,445,120,335,1630
BIOMD0000000048,mostFreq,1,0,1,1,1,2288,322,109,292,1436
BIOMD0000000048,mostFreq,1,0,1,1,0,2288,322,109,292,1436
BIOMD0000000048,mostFreq,1,0,1,0,0,2288,322,109,292,1436
BIOMD0000000048,mostFreq,1,0,0,1,1,2533,445,120,335,1630
BIOMD0000000048,mostFreq,1,0,0,1,0,2533,445,120,335,1630
BIOMD0000000048,mostFreq,1,0,0,0,0,2533,445,120,335,1630
BIOMD0000000048,mostFreq,0,0,1,1,1,19415,0,2417,7776,8920
BIOMD0000000048,mostFreq,0,0,1,1,0,19415,0,2417,7776,8920
BIOMD0000000048,mostFreq,0,0,1,0,0,19415,0,2417,7776,8920
BIOMD0000000048,mostFreq,0,0,0,1,1,26920,0,2717,8687,9921
BIOMD0000000048,mostFreq,0,0,0,1,0,26920,0,2717,8687,9921
BIOMD0000000048,mostFreq,0,0,0,0,0,26920,0,2717,8687,9921
BIOMD0000000048,weightedVars,1,1,1,1,1,2220,4,187,563,1169
BIOMD0000000048,weightedVars,1,1,1,1,0,2220,4,187,563,1169
BIOMD0000000048,weightedVars,1,1,1,0,0,2220,4,187,563,1169
BIOMD0000000048,weightedVars,1,1,0,1,1,2690,3,238,779,1452
BIOMD0000000048,weightedVars,1,1,0,1,0,2690,3,238,779,1452
BIOMD0000000048,weightedVars,1,1,0,0,0,2690,3,238,779,1452
BIOMD0000000048,weightedVars,1,0,1,1,1,2220,4,187,563,1169
BIOMD0000000048,weightedVars,1,0,1,1,0,2220,4,187,563,1169
BIOMD0000000048,weightedVars,1,0,1,0,0,2220,4,187,563,1169
BIOMD0000000048,weightedVars,1,0,0,1,1,2690,3,238,779,1452
BIOMD0000000048,weightedVars,1,0,0,1,0,2690,3,238,779,1452
BIOMD0000000048,weightedVars,1,0,0,0,0,2690,3,238,779,1452
BIOMD0000000048,weightedVars,0,0,1,1,1,2503,0,248,692,1290
BIOMD0000000048,weightedVars,0,0,1,1,0,2503,0,248,692,1290
BIOMD0000000048,weightedVars,0,0,1,0,0,2503,0,248,692,1290
BIOMD0000000048,weightedVars,0,0,0,1,1,2176,0,175,543,1207
BIOMD0000000048,weightedVars,0,0,0,1,0,2176,0,175,543,1207
BIOMD0000000048,weightedVars,0,0,0,0,0,2176,0,175,543,1207
BIOMD0000000089,mostFreq,1,1,1,1,1,6769,181,0,0,347
BIOMD0000000089,mostFreq,1,1,1,1,0,6769,181,0,0,347
BIOMD0000000089,mostFreq,1,1,1,0,0,6769,181,0,0,347
BIOMD0000000089,mostFreq,1,1,0,1,1,6849,181,0,0,388
BIOMD0000000089,mostFreq,1,1,0,1,0,6849,181,0,0,388
BIOMD0000000089,mostFreq,1,1,0,0,0,6849,181,0,0,388
BIOMD0000000089,mostFreq,1,0,1,1,1,6769,181,0,0,347
BIOMD0000000089,mostFreq,1,0,1,1,0,6769,181,0,0,347
BIOMD0000000089,mostFreq,1,0,1,0,0,6769,181,0,0,347
BIOMD0000000089,mostFreq,1,0,0,1,1,6849,181,0,0,388
BIOMD0000000089,mostFreq,1,0,0,1,0,6849,181,0,0,388
BIOMD0000000089,mostFreq,1,0,0,0,0,6849,181,0,0,388
BIOMD0000000089,mostFreq,0,0,1,1,1,19980,0,0,0,1287
BIOMD0000000089,mostFreq,0,0,1,1,0,19980,0,0,0,1287
BIOMD0000000089,mostFreq,0,0,1,0,0,19980,0,0,0,1287
BIOMD0000000089,mostFreq,0,0,0,1,1,25395,0,0,0,2350
BIOMD0000000089,mostFreq,0,0,0,1,0,25395,0,0,0,2350
BIOMD0000000089,mostFreq,0,0,0,0,0,25395,0,0,0,2350
BIOMD0000000089,weightedVars,1,1,1,1,1,1700,0,2,8,269
BIOMD0000000089,weightedVars,1,1,1,1,0,1700,0,2,8,269
BIOMD0000000089,weightedVars,1,1,1,0,0,1700,0,2,8,269
BIOMD0000000089,weightedVars,1,1,0,1,1,1880,0,2,10,423
BIOMD0000000089,weightedVars,1,1,0,1,0,1880,0,2,10,423
BIOMD0000000089,weightedVars,1,1,0,0,0,1880,0,2,10,423
BIOMD0000000089,weightedVars,1,0,1,1,1,1700,0,2,8,269
BIOMD0000000089,weightedVars,1,0,1,1,0,1700,0,2,8,269
BIOMD0000000089,weightedVars,1,0,1,0,0,1700,0,2,8,269
BIOMD0000000089,weightedVars,1,0,0,1,1,1880,0,2,10,423
BIOMD0000000089,weightedVars,1,0,0,1,0,1880,0,2,10,423
BIOMD0000000089,weightedVars,1,0,0,0,0,1880,0,2,10,423
BIOMD0000000089,weightedVars,0,0,1,1,1,1700,0,2,8,269
BIOMD0000000089,weightedVars,0,0,1,1,0,1700,0,2,8,269
BIOMD0000000089,weightedVars,0,0,1,0,0,1700,0,2,8,269
BIOMD0000000089,weightedVars,0,0,0,1,1,1880,0,2,10,423
BIOMD0000000089,weightedVars,0,0,0,1,0,1880,0,2,10,423
BIOMD0000000089,weightedVars,0,0,0,0,0,1880,0,2,10,423
BIOMD0000000093,mostFreq,1,1,1,1,1,5831,621,608,685,1484
BIOMD0000000093,mostFreq,1,1,1,1,0,5831,621,608,685,1484
BIOMD0000000093,mostFreq,1,1,1,0,0,5831,621,608,685,1484
BIOMD0000000093,mostFreq,1,1,0,1,1,7354,395,617,1172,2179
BIOMD0000000093,mostFreq,1,1,0,1,0,7354,395,617,1172,2179
BIOMD0000000093,mostFreq,1,1,0,0,0,7354,395,617,1172,2179
BIOMD0000000093,mostFreq,1,0,1,1,1,5831,621,608,685,1484
BIOMD0000000093,mostFreq,1,0,1,1,0,5831,621,608,685,1484
BIOMD0000000093,mostFreq,1,0,1,0,0,5831,621,608,685,1484
BIOMD0000000093,mostFreq,1,0,0,1,1,7354,395,617,1172,2179
BIOMD0000000093,mostFreq,1,0,0,1,0,7354,395,617,1172,2179
BIOMD0000000093,mostFreq,1,0,0,0,0,7354,395,617,1172,2179
BIOMD0000000093,mostFreq,0,0,1,1,1,28460,0,3123,5737,6600
BIOMD0000000093,mostFreq,0,0,1,1,0,28460,0,3123,5737,6600
BIOMD0000000093,mostFreq,0,0,1,0,0,28460,0,3123,5737,6600
BIOMD0000000093,mostFreq,0,0,0,1,1,47137,0,2887,8826,9921
BIOMD0000000093,mostFreq,0,0,0,1,0,47137,0,2887,8826,9921
BIOMD0000000093,mostFreq,0,0,0,0,0,47137,0,2887,8826,9921
BIOMD0000000093,weightedVars,1,1,1,1,1,3517,12,110,331,891
BIOMD0000000093,weightedVars,1,1,1,1,0,3517,12,110,331,891
BIOMD0000000093,weightedVars,1,1,1,0,0,3517,12,110,331,891
BIOMD0000000093,weightedVars,1,1,0,1,1,3169,31,129,342,768
BIOMD0000000093,weightedVars,1,1,0,1,0,3169,31,129,342,768
BIOMD0000000093,weightedVars,1,1,0,0,0,3169,31,129,342,768
BIOMD0000000093,weightedVars,1,0,1,1,1,3517,12,110,331,891
BIOMD0000000093,weightedVars,1,0,1,1,0,3517,12,110,331,891
BIOMD0000000093,weightedVars,1,0,1,0,0,3517,12,110,331,891
BIOMD0000000093,weightedVars,1,0,0,1,1,3169,31,129,342,768
BIOMD0000000093,weightedVars,1,0,0,1,0,3169,31,129,342,768
BIOMD0000000093,weightedVars,1,0,0,0,0,3169,31,129,342,768
BIOMD0000000093,weightedVars,0,0,1,1,1,2748,0,96,226,695
BIOMD0000000093,weightedVars,0,0,1,1,0,2748,0,96,226,695
BIOMD0000000093,weightedVars,0,0,1,0,0,2748,0,96,226,695
BIOMD0000000093,weightedVars,0,0,0,1,1,3370,0,168,404,843
BIOMD0000000093,weightedVars,0,0,0,1,0,3370,0,168,404,843
BIOMD0000000093,weightedVars,0,0,0,0,0,3370,0,168,404,843
BIOMD0000000094,mostFreq,1,1,1,1,1,5831,621,608,685,1484
BIOMD0000000094,mostFreq,1,1,1,1,0,5831,621,608,685,1484
BIOMD0000000094,mostFreq,1,1,1,0,0,5831,621,608,685,1484
BIOMD0000000094,mostFreq,1,1,0,1,1,6865,622,665,1313,2182
BIOMD0000000094,mostFreq,1,1,0,1,0,6865,622,665,1313,2182
BIOMD0000000094,mostFreq,1,1,0,0,0,6865,622,665,1313,2182
BIOMD0000000094,mostFreq,1,0,1,1,1,5831,621,608,685,1484
BIOMD0000000094,mostFreq,1,0,1,1,0,5831,621,608,685,1484
BIOMD0000000094,mostFreq,1,0,1,0,0,5831,621,608,685,1484
BIOMD0000000094,mostFreq,1,0,0,1,1,6865,622,665,1313,2182
BIOMD0000000094,mostFreq,1,0,0,1,0,6865,622,665,1313,2182
BIOMD0000000094,mostFreq,1,0,0,0,0,6865,622,665,1313,2182
BIOMD0000000094,mostFreq,0,0,1,1,1,28460,0,3123,5737,6600
BIOMD0000000094,mostFreq,0,0,1,1,0,28460,0,3123,5737,6600
BIOMD0000000094,mostFreq,0,0,1,0,0,28460,0,3123,5737,6600
BIOMD0000000094,mostFreq,0,0,0,1,1,34017,0,3155,8891,9910
BIOMD0000000094,mostFreq,0,0,0,1,0,34017,0,3155,8891,9910
BIOMD0000000094,mostFreq,0,0,0,0,0,34017,0,3155,8891,9910
BIOMD0000000094,weightedVars,1,1,1,1,1,3517,12,110,331,891
BIOMD0000000094,weightedVars,1,1,1,1,0,3517,12,110,331,891
BIOMD0000000094,weightedVars,1,1,1,0,0,3517,12,110,331,891
BIOMD0000000094,weightedVars,1,1,0,1,1,3255,21,111,277,793
BIOMD0000000094,weightedVars,1,1,0,1,0,3255,21,111,277,793
BIOMD0000000094,weightedVars,1,1,0,0,0,3255,21,111,277,793
BIOMD0000000094,weightedVars,1,0,1,1,1,3517,12,110,331,891
BIOMD0000000094,weightedVars,1,0,1,1,0,3517,12,110,331,891
BIOMD0000000094,weightedVars,1,0,1,0,0,3517,12,110,331,891
BIOMD0000000094,weightedVars,1,0,0,1,1,3255,21,111,277,793
BIOMD0000000094,weightedVars,1,0,0,1,0,3255,21,111,277,793
BIOMD0000000094,weightedVars,1,0,0,0,0,3255,21,111,277,793
BIOMD0000000094,weightedVars,0,0,1,1,1,2748,0,96,226,695
BIOMD0000000094,weightedVars,0,0,1,1,0,2748,0,96,226,695
BIOMD0000000094,weightedVars,0,0,1,0,0,2748,0,96,226,695
BIOMD0000000094,weightedVars,0,0,0,1,1,3386,0,134,327,854
BIOMD0000000094,weightedVars,0,0,0,1,0,3386,0,134,327,854
BIOMD0000000094,weightedVars,0,0,0,0,0,3386,0,134,327,854
BIOMD0000000106,mostFreq,1,1,1,1,1,63,6,0,0,15
BIOMD0000000106,mostFreq,1,1,1,1,0,63,6,0,0,15
BIOMD0000000106,mostFreq,1,1,1,0,0,63,6,0,0,15
BIOMD0000000106,mostFreq,1,1,0,1,1,74,8,0,0,17
BIOMD0000000106,mostFreq,1,1,0,1,0,74,8,0,0,17
BIOMD0000000106,mostFreq,1,1,0,0,0,74,8,0,0,17
BIOMD0000000106,mostFreq,1,0,1,1,1,63,6,0,0,15
BIOMD0000000106,mostFreq,1,0,1,1,0,63,6,0,0,15
BIOMD0000000106,mostFreq,1,0,1,0,0,63,6,0,0,15
BIOMD0000000106,mostFreq,1,0,0,1,1,74,8,0,0,17
BIOMD0000000106,mostFreq,1,0,0,1,0,74,8,0,0,17
BIOMD0000000106,mostFreq,1,0,0,0,0,74,8,0,0,17
BIOMD0000000106,mostFreq,0,0,1,1,1,99,0,0,0,27
BIOMD0000000106,mostFreq,0,0,1,1,0,99,0,0,0,27
BIOMD0000000106,mostFreq,0,0,1,0,0,99,0,0,0,27
BIOMD0000000106,mostFreq,0,0,0,1,1,234,0,0,0,63
BIOMD0000000106,mostFreq,0,0,0,1,0,234,0,0,0,63
BIOMD0000000106,mostFreq,0,0,0,0,0,234,0,0,0,63
BIOMD0000000106,weightedVars,1,1,1,1,1,93,2,3,7,46
BIOMD0000000106,weightedVars,1,1,1,1,0,93,2,3,7,46
BIOMD0000000106,weightedVars,1,1,1,0,0,93,2,3,7,46
BIOMD0000000106,weightedVars,1,1,0,1,1,84,0,4,10,39
BIOMD0000000106,weightedVars,1,1,0,1,0,84,0,4,10,39
BIOMD0000000106,weightedVars,1,1,0,0,0,84,0,4,10,39
BIOMD0000000106,weightedVars,1,0,1,1,1,93,2,3,7,46
BIOMD0000000106,weightedVars,1,0,1,1,0,93,2,3,7,46
BIOMD0000000106,weightedVars,1,0,1,0,0,93,2,3,7,46
BIOMD0000000106,weightedVars,1,0,0,1,1,84,0,4,10,39
BIOMD0000000106,weightedVars,1,0,0,1,0,84,0,4,10,39
BIOMD0000000106,weightedVars,1,0,0,0,0,84,0,4,10,39
BIOMD0000000106,weightedVars,0,0,1,1,1,99,0,5,10,48
BIOMD0000000106,weightedVars,0,0,1,1,0,99,0,5,10,48
BIOMD0000000106,weightedVars,0,0,1,0,0,99,0,5,10,48
BIOMD0000000106,weightedVars,0,0,0,1,1,84,0,4,10,39
BIOMD0000000106,weightedVars,0,0,0,1,0,84,0,4,10,39
BIOMD0000000106,weightedVars,0,0,0,0,0,84,0,4,10,39
BIOMD0000000107,mostFreq,1,1,1,1,1,51,5,0,0,16
BIOMD0000000107,mostFreq,1,1,1,1,0,51,5,0,0,16
BIOMD0000000107,mostFreq,1,1,1,0,0,51,5,0,0,16
BIOMD0000000107,mostFreq,1,1,0,1,1,70,6,0,0,23
BIOMD0000000107,mostFreq,1,1,0,1,0,70,6,0,0,23
BIOMD0000000107,mostFreq,1,1,0,0,0,70,6,0,0,23
BIOMD0000000107,mostFreq,1,0,1,1,1,51,5,0,0,16
BIOMD0000000107,mostFreq,1,0,1,1,0,51,5,0,0,16
BIOMD0000000107,mostFreq,1,0,1,0,0,51,5,0,0,16
BIOMD0000000107,mostFreq,1,0,0,1,1,70,6,0,0,23
BIOMD0000000107,mostFreq,1,0,0,1,0,70,6,0,0,23
BIOMD0000000107,mostFreq,1,0,0,0,0,70,6,0,0,23
BIOMD0000000107,mostFreq,0,0,1,1,1,76,0,0,0,26
BIOMD0000000107,mostFreq,0,0,1,1,0,76,0,0,0,26
BIOMD0000000107,mostFreq,0,0,1,0,0,76,0,0,0,26
BIOMD0000000107,mostFreq,0,0,0,1,1,159,0,0,0,49
BIOMD0000000107,mostFreq,0,0,0,1,0,159,0,0,0,49
BIOMD0000000107,mostFreq,0,0,0,0,0,159,0,0,0,49
BIOMD0000000107,weightedVars,1,1,1,1,1,37,0,0,0,16
BIOMD0000000107,weightedVars,1,1,1,1,0,37,0,0,0,16
BIOMD0000000107,weightedVars,1,1,1,0,0,37,0,0,0,16
BIOMD0000000107,weightedVars,1,1,0,1,1,77,0,0,0,39
BIOMD0000000107,weightedVars,1,1,0,1,0,77,0,0,0,39
BIOMD0000000107,weightedVars,1,1,0,0,0,77,0,0,0,39
BIOMD0000000107,weightedVars,1,0,1,1,1,37,0,0,0,16
BIOMD0000000107,weightedVars,1,0,1,1,0,37,0,0,0,16
BIOMD0000000107,weightedVars,1,0,1,0,0,37,0,0,0,16
BIOMD0000000107,weightedVars,1,0,0,1,1,77,0,0,0,39
BIOMD0000000107,weightedVars,1,0,0,1,0,77,0,0,0,39
BIOMD0000000107,weightedVars,1,0,0,0,0,77,0,0,0,39
BIOMD0000000107,weightedVars,0,0,1,1,1,37,0,0,0,16
BIOMD0000000107,weightedVars,0,0,1,1,0,37,0,0,0,16
BIOMD0000000107,weightedVars,0,0,1,0,0,37,0,0,0,16
BIOMD0000000107,weightedVars,0,0,0,1,1,77,0,0,0,39
BIOMD0000000107,weightedVars,0,0,0,1,0,77,0,0,0,39
BIOMD0000000107,weightedVars,0,0,0,0,0,77,0,0,0,39
BIOMD0000000108,mostFreq,1,1,1,1,1,292,28,8,24,169
BIOMD0000000108,mostFreq,1,1,1,1,0,292,28,8,24,169
BIOMD0000000108,mostFreq,1,1,1,0,0,292,28,8,24,169
BIOMD0000000108,mostFreq,1,1,0,1,1,565,31,27,98,273
BIOMD0000000108,mostFreq,1,1,0,1,0,565,31,27,98,273
BIOMD0000000108,mostFreq,1,1,0,0,0,565,31,27,98,273
BIOMD0000000108,mostFreq,1,0,1,1,1,292,28,8,24,169
BIOMD0000000108,mostFreq,1,0,1,1,0,292,28,8,24,169
BIOMD0000000108,mostFreq,1,0,1,0,0,292,28,8,24,169
BIOMD0000000108,mostFreq,1,0,0,1,1,565,31,27,98,273
BIOMD0000000108,mostFreq,1,0,0,1,0,565,31,27,98,273
BIOMD0000000108,mostFreq,1,0,0,0,0,565,31,27,98,273
BIOMD0000000108,mostFreq,0,0,1,1,1,1372,0,116,362,509
BIOMD0000000108,mostFreq,0,0,1,1,0,1372,0,116,362,509
BIOMD0000000108,mostFreq,0,0,1,0,0,1372,0,116,362,509
BIOMD0000000108,mostFreq,0,0,0,1,1,3092,0,247,1060,1235
BIOMD0000000108,mostFreq,0,0,0,1,0,3092,0,247,1060,1235
BIOMD0000000108,mostFreq,0,0,0,0,0,3092,0,247,1060,1235
BIOMD0000000108,weightedVars,1,1,1,1,1,769,3,44,134,321
BIOMD0000000108,weightedVars,1,1,1,1,0,769,3,44,134,321
BIOMD0000000108,weightedVars,1,1,1,0,0,769,3,44,134,321
BIOMD0000000108,weightedVars,1,1,0,1,1,848,3,51,158,321
BIOMD0000000108,weightedVars,1,1,0,1,0,848,3,51,158,321
BIOMD0000000108,weightedVars,1,1,0,0,0,848,3,51,158,321
BIOMD0000000108,weightedVars,1,0,1,1,1,769,3,44,134,321
BIOMD0000000108,weightedVars,1,0,1,1,0,769,3,44,134,321
BIOMD0000000108,weightedVars,1,0,1,0,0,769,3,44,134,321
BIOMD0000000108,weightedVars,1,0,0,1,1,848,3,51,158,321
BIOMD0000000108,weightedVars,1,0,0,1,0,848,3,51,158,321
BIOMD0000000108,weightedVars,1,0,0,0,0,848,3,51,158,321
BIOMD0000000108,weightedVars,0,0,1,1,1,755,0,43,127,317
BIOMD0000000108,weightedVars,0,0,1,1,0,755,0,43,127,317
BIOMD0000000108,weightedVars,0,0,1,0,0,755,0,43,127,317
BIOMD0000000108,weightedVars,0,0,0,1,1,1003,0,68,223,387
BIOMD0000000108,weightedVars,0,0,0,1,0,1003,0,68,223,387
BIOMD0000000108,weightedVars,0,0,0,0,0,1003,0,68,223,387
BIOMD0000000110,mostFreq,1,1,1,1,1,453,33,3,7,79
BIOMD0000000110,mostFreq,1,1,1,1,0,453,33,3,7,79
BIOMD0000000110,mostFreq,1,1,1,0,0,453,33,3,7,79
BIOMD0000000110,mostFreq,1,1,0,1,1,505,35,1,1,82
BIOMD0000000110,mostFreq,1,1,0,1,0,505,35,1,1,82
BIOMD0000000110,mostFreq,1,1,0,0,0,505,35,1,1,82
BIOMD0000000110,mostFreq,1,0,1,1,1,453,33,3,7,79
BIOMD0000000110,mostFreq,1,0,1,1,0,453,33,3,7,79
BIOMD0000000110,mostFreq,1,0,1,0,0,453,33,3,7,79
BIOMD0000000110,mostFreq,1,0,0,1,1,505,35,1,1,82
BIOMD0000000110,mostFreq,1,0,0,1,0,505,35,1,1,82
BIOMD0000000110,mostFreq,1,0,0,0,0,505,35,1,1,82
BIOMD0000000110,mostFreq,0,0,1,1,1,1011,0,21,49,199
BIOMD0000000110,mostFreq,0,0,1,1,0,1011,0,21,49,199
BIOMD0000000110,mostFreq,0,0,1,0,0,1011,0,21,49,199
BIOMD0000000110,mostFreq,0,0,0,1,1,1299,0,25,25,284
BIOMD0000000110,mostFreq,0,0,0,1,0,1299,0,25,25,284
BIOMD0000000110,mostFreq,0,0,0,0,0,1299,0,25,25,284
BIOMD0000000110,weightedVars,1,1,1,1,1,324,1,6,9,123
BIOMD0000000110,weightedVars,1,1,1,1,0,324,1,6,9,123
BIOMD0000000110,weightedVars,1,1,1,0,0,324,1,6,9,123
BIOMD0000000110,weightedVars,1,1,0,1,1,319,0,1,2,100
BIOMD0000000110,weightedVars,1,1,0,1,0,319,0,1,2,100
BIOMD0000000110,weightedVars,1,1,0,0,0,319,0,1,2,100
BIOMD0000000110,weightedVars,1,0,1,1,1,324,1,6,9,123
BIOMD0000000110,weightedVars,1,0,1,1,0,324,1,6,9,123
BIOMD0000000110,weightedVars,1,0,1,0,0,324,1,6,9,123
BIOMD0000000110,weightedVars,1,0,0,1,1,319,0,1,2,100
BIOMD0000000110,weightedVars,1,0,0,1,0,319,0,1,2,100
BIOMD0000000110,weightedVars,1,0,0,0,0,319,0,1,2,100
BIOMD0000000110,weightedVars,0,0,1,1,1,356,0,5,10,128
BIOMD0000000110,weightedVars,0,0,1,1,0,356,0,5,10,128
BIOMD0000000110,weightedVars,0,0,1,0,0,356,0,5,10,128
BIOMD0000000110,weightedVars,0,0,0,1,1,319,0,1,2,100
BIOMD0000000110,weightedVars,0,0,0,1,0,319,0,1,2,100
BIOMD0000000110,weightedVars,0,0,0,0,0,319,0,1,2,100
BIOMD0000000162,mostFreq,1,1,1,1,1,79013,650,0,0,2584
BIOMD0000000162,mostFreq,1,1,1,1,0,79013,650,0,0,2584
BIOMD0000000162,mostFreq,1,1,1,0,0,79013,650,0,0,2584
BIOMD0000000162,mostFreq,1,1,0,1,1,79040,650,0,0,2611
BIOMD0000000162,mostFreq,1,1,0,1,0,79040,650,0,0,2611
BIOMD0000000162,mostFreq,1,1,0,0,0,79040,650,0,0,2611
BIOMD0000000162,mostFreq,1,0,1,1,1,79013,650,0,0,2584
BIOMD0000000162,mostFreq,1,0,1,1,0,79013,650,0,0,2584
BIOMD0000000162,mostFreq,1,0,1,0,0,79013,650,0,0,2584
BIOMD0000000162,mostFreq,1,0,0,1,1,79040,650,0,0,2611
BIOMD0000000162,mostFreq,1,0,0,1,0,79040,650,0,0,2611
BIOMD0000000162,mostFreq,1,0,0,0,0,79040,650,0,0,2611
BIOMD0000000162,mostFreq,0,0,1,1,1,536791,0,0,0,7960
BIOMD0000000162,mostFreq,0,0,1,1,0,536791,0,0,0,7960
BIOMD0000000162,mostFreq,0,0,1,0,0,536791,0,0,0,7960
BIOMD0000000162,mostFreq,0,0,0,1,1,537454,0,0,0,8623
BIOMD0000000162,mostFreq,0,0,0,1,0,537454,0,0,0,8623
BIOMD0000000162,mostFreq,0,0,0,0,0,537454,0,0,0,8623
BIOMD0000000162,weightedVars,1,1,1,1,1,8244,0,4,12,853
BIOMD0000000162,weightedVars,1,1,1,1,0,8244,0,4,12,853
BIOMD0000000162,weightedVars,1,1,1,0,0,8244,0,4,12,853
BIOMD0000000162,weightedVars,1,1,0,1,1,8577,0,5,8,898
BIOMD0000000162,weightedVars,1,1,0,1,0,8577,0,5,8,898
BIOMD0000000162,weightedVars,1,1,0,0,0,8577,0,5,8,898
BIOMD0000000162,weightedVars,1,0,1,1,1,8244,0,4,12,853
BIOMD0000000162,weightedVars,1,0,1,1,0,8244,0,4,12,853
BIOMD0000000162,weightedVars,1,0,1,0,0,8244,0,4,12,853
BIOMD0000000162,weightedVars,1,0,0,1,1,8577,0,5,8,898
BIOMD0000000162,weightedVars,1,0,0,1,0,8577,0,5,8,898
BIOMD0000000162,weightedVars,1,0,0,0,0,8577,0,5,8,898
BIOMD0000000162,weightedVars,0,0,1,1,1,8244,0,4,12,853
BIOMD0000000162,weightedVars,0,0,1,1,0,8244,0,4,12,853
BIOMD0000000162,weightedVars,0,0,1,0,0,8244,0,4,12,853
BIOMD0000000162,weightedVars,0,0,0,1,1,8577,0,5,8,898
BIOMD0000000162,weightedVars,0,0,0,1,0,8577,0,5,8,898
BIOMD0000000162,weightedVars,0,0,0,0,0,8577,0,5,8,898
BIOMD0000000163,mostFreq,1,1,1,1,1,2205,105,19,21,311
BIOMD0000000163,mostFreq,1,1,1,1,0,2205,105,19,21,311
BIOMD0000000163,mostFreq,1,1,1,0,0,2205,105,19,21,311
BIOMD0000000163,mostFreq,1,1,0,1,1,2337,86,0,0,176
BIOMD0000000163,mostFreq,1,1,0,1,0,2337,86,0,0,176
BIOMD0000000163,mostFreq,1,1,0,0,0,2337,86,0,0,176
BIOMD0000000163,mostFreq,1,0,1,1,1,2205,105,19,21,311
BIOMD0000000163,mostFreq,1,0,1,1,0,2205,105,19,21,311
BIOMD0000000163,mostFreq,1,0,1,0,0,2205,105,19,21,311
BIOMD0000000163,mostFreq,1,0,0,1,1,2337,86,0,0,176
BIOMD0000000163,mostFreq,1,0,0,1,0,2337,86,0,0,176
BIOMD0000000163,mostFreq,1,0,0,0,0,2337,86,0,0,176
BIOMD0000000163,mostFreq,0,0,1,1,1,7324,0,137,289,846
BIOMD0000000163,mostFreq,0,0,1,1,0,7324,0,137,289,846
BIOMD0000000163,mostFreq,0,0,1,0,0,7324,0,137,289,846
BIOMD0000000163,mostFreq,0,0,0,1,1,6276,0,0,0,706
BIOMD0000000163,mostFreq,0,0,0,1,0,6276,0,0,0,706
BIOMD0000000163,mostFreq,0,0,0,0,0,6276,0,0,0,706
BIOMD0000000163,weightedVars,1,1,1,1,1,791,1,4,10,211
BIOMD0000000163,weightedVars,1,1,1,1,0,791,1,4,10,211
BIOMD0000000163,weightedVars,1,1,1,0,0,791,1,4,10,211
BIOMD0000000163,weightedVars,1,1,0,1,1,790,1,4,11,220
BIOMD0000000163,weightedVars,1,1,0,1,0,790,1,4,11,220
BIOMD0000000163,weightedVars,1,1,0,0,0,790,1,4,11,220
BIOMD0000000163,weightedVars,1,0,1,1,1,791,1,4,10,211
BIOMD0000000163,weightedVars,1,0,1,1,0,791,1,4,10,211
BIOMD0000000163,weightedVars,1,0,1,0,0,791,1,4,10,211
BIOMD0000000163,weightedVars,1,0,0,1,1,790,1,4,11,220
BIOMD0000000163,weightedVars,1,0,0,1,0,790,1,4,11,220
BIOMD0000000163,weightedVars,1,0,0,0,0,790,1,4,11,220
BIOMD0000000163,weightedVars,0,0,1,1,1,854,0,3,11,213
BIOMD0000000163,weightedVars,0,0,1,1,0,854,0,3,11,213
BIOMD0000000163,weightedVars,0,0,1,0,0,854,0,3,11,213
BIOMD0000000163,weightedVars,0,0,0,1,1,837,0,16,37,237
BIOMD0000000163,weightedVars,0,0,0,1,0,837,0,16,37,237
BIOMD0000000163,weightedVars,0,0,0,0,0,837,0,16,37,237
BIOMD0000000165,mostFreq,1,1,1,1,1,67,0,5,10,32
BIOMD0000000165,mostFreq,1,1,1,1,0,67,0,5,10,32
BIOMD0000000165,mostFreq,1,1,1,0,0,67,0,5,10,32
BIOMD0000000165,mostFreq,1,1,0,1,1,64,9,1,1,31
BIOMD0000000165,mostFreq,1,1,0,1,0,64,9,1,1,31
BIOMD0000000165,mostFreq,1,1,0,0,0,64,9,1,1,31
BIOMD0000000165,mostFreq,1,0,1,1,1,67,0,5,10,32
BIOMD0000000165,mostFreq,1,0,1,1,0,67,0,5,10,32
BIOMD0000000165,mostFreq,1,0,1,0,0,67,0,5,10,32
BIOMD0000000165,mostFreq,1,0,0,1,1,64,9,1,1,31
BIOMD0000000165,mostFreq,1,0,0,1,0,64,9,1,1,31
BIOMD0000000165,mostFreq,1,0,0,0,0,64,9,1,1,31
BIOMD0000000165,mostFreq,0,0,1,1,1,67,0,5,10,32
BIOMD0000000165,mostFreq,0,0,1,1,0,67,0,5,10,32
BIOMD0000000165,mostFreq,0,0,1,0,0,67,0,5,10,32
BIOMD0000000165,mostFreq,0,0,0,1,1,124,0,6,18,56
BIOMD0000000165,mostFreq,0,0,0,1,0,124,0,6,18,56
BIOMD0000000165,mostFreq,0,0,0,0,0,124,0,6,18,56
BIOMD0000000165,weightedVars,1,1,1,1,1,62,0,3,6,32
BIOMD0000000165,weightedVars,1,1,1,1,0,62,0,3,6,32
BIOMD0000000165,weightedVars,1,1,1,0,0,62,0,3,6,32
BIOMD0000000165,weightedVars,1,1,0,1,1,74,0,6,12,44
BIOMD0000000165,weightedVars,1,1,0,1,0,74,0,6,12,44
BIOMD0000000165,weightedVars,1,1,0,0,0,74,0,6,12,44
BIOMD0000000165,weightedVars,1,0,1,1,1,62,0,3,6,32
BIOMD0000000165,weightedVars,1,0,1,1,0,62,0,3,6,32
BIOMD0000000165,weightedVars,1,0,1,0,0,62,0,3,6,32
BIOMD0000000165,weightedVars,1,0,0,1,1,74,0,6,12,44
BIOMD0000000165,weightedVars,1,0,0,1,0,74,0,6,12,44
BIOMD0000000165,weightedVars,1,0,0,0,0,74,0,6,12,44
BIOMD0000000165,weightedVars,0,0,1,1,1,62,0,3,6,32
BIOMD0000000165,weightedVars,0,0,1,1,0,62,0,3,6,32
BIOMD0000000165,weightedVars,0,0,1,0,0,62,0,3,6,32
BIOMD0000000165,weightedVars,0,0,0,1,1,74,0,6,12,44
BIOMD0000000165,weightedVars,0,0,0,1,0,74,0,6,12,44
BIOMD0000000165,weightedVars,0,0,0,0,0,74,0,6,12,44
BIOMD0000000166,mostFreq,1,1,1,1,1,196,13,0,0,46
BIOMD0000000166,mostFreq,1,1,1,1,0,196,13,0,0,46
BIOMD0000000166,mostFreq,1,1,1,0,0,196,13,0,0,46
BIOMD0000000166,mostFreq,1,1,0,1,1,202,13,2,2,48
BIOMD0000000166,mostFreq,1,1,0,1,0,202,13,2,2,48
BIOMD0000000166,mostFreq,1,1,0,0,0,202,13,2,2,48
BIOMD0000000166,mostFreq,1,0,1,1,1,196,13,0,0,46
BIOMD0000000166,mostFreq,1,0,1,1,0,196,13,0,0,46
BIOMD0000000166,mostFreq,1,0,1,0,0,196,13,0,0,46
BIOMD0000000166,mostFreq,1,0,0,1,1,202,13,2,2,48
BIOMD0000000166,mostFreq,1,0,0,1,0,202,13,2,2,48
BIOMD0000000166,mostFreq,1,0,0,0,0,202,13,2,2,48
BIOMD0000000166,mostFreq,0,0,1,1,1,404,0,0,0,80
BIOMD0000000166,mostFreq,0,0,1,1,0,404,0,0,0,80
BIOMD0000000166,mostFreq,0,0,1,0,0,404,0,0,0,80
BIOMD0000000166,mostFreq,0,0,0,1,1,449,0,15,15,95
BIOMD0000000166,mostFreq,0,0,0,1,0,449,0,15,15,95
BIOMD0000000166,mostFreq,0,0,0,0,0,449,0,15,15,95
BIOMD0000000166,weightedVars,1,1,1,1,1,141,0,0,0,48
BIOMD0000000166,weightedVars,1,1,1,1,0,141,0,0,0,48
BIOMD0000000166,weightedVars,1,1,1,0,0,141,0,0,0,48
BIOMD0000000166,weightedVars,1,1,0,1,1,164,0,1,1,52
BIOMD0000000166,weightedVars,1,1,0,1,0,164,0,1,1,52
BIOMD0000000166,weightedVars,1,1,0,0,0,164,0,1,1,52
BIOMD0000000166,weightedVars,1,0,1,1,1,141,0,0,0,48
BIOMD0000000166,weightedVars,1,0,1,1,0,141,0,0,0,48
BIOMD0000000166,weightedVars,1,0,1,0,0,141,0,0,0,48
BIOMD0000000166,weightedVars,1,0,0,1,1,164,0,1,1,52
BIOMD0000000166,weightedVars,1,0,0,1,0,164,0,1,1,52
BIOMD0000000166,weightedVars,1,0,0,0,0,164,0,1,1,52
BIOMD0000000166,weightedVars,0,0,1,1,1,141,0,0,0,48
BIOMD0000000166,weightedVars,0,0,1,1,0,141,0,0,0,48
BIOMD0000000166,weightedVars,0,0,1,0,0,141,0,0,0,48
BIOMD0000000166,weightedVars,0,0,0,1,1,164,0,1,1,52
BIOMD0000000166,weightedVars,0,0,0,1,0,164,0,1,1,52
BIOMD0000000166,weightedVars,0,0,0,0,0,164,0,1,1,52
BIOMD0000000169,mostFreq,1,1,1,1,1,2256,87,0,0,205
BIOMD0000000169,mostFreq,1,1,1,1,0,2256,87,0,0,205
BIOMD0000000169,mostFreq,1,1,1,0,0,2256,87,0,0,205
BIOMD0000000169,mostFreq,1,1,0,1,1,2959,104,0,0,223
BIOMD0000000169,mostFreq,1,1,0,1,0,2959,104,0,0,223
BIOMD0000000169,mostFreq,1,1,0,0,0,2959,104,0,0,223
BIOMD0000000169,mostFreq,1,0,1,1,1,2256,87,0,0,205
BIOMD0000000169,mostFreq,1,0,1,1,0,2256,87,0,0,205
BIOMD0000000169,mostFreq,1,0,1,0,0,2256,87,0,0,205
BIOMD0000000169,mostFreq,1,0,0,1,1,2959,104,0,0,223
BIOMD0000000169,mostFreq,1,0,0,1,0,2959,104,0,0,223
BIOMD0000000169,mostFreq,1,0,0,0,0,2959,104,0,0,223
BIOMD0000000169,mostFreq,0,0,1,1,1,5900,0,0,0,555
BIOMD0000000169,mostFreq,0,0,1,1,0,5900,0,0,0,555
BIOMD0000000169,mostFreq,0,0,1,0,0,5900,0,0,0,555
BIOMD0000000169,mostFreq,0,0,0,1,1,8278,0,0,0,956
BIOMD0000000169,mostFreq,0,0,0,1,0,8278,0,0,0,956
BIOMD0000000169,mostFreq,0,0,0,0,0,8278,0,0,0,956
BIOMD0000000169,weightedVars,1,1,1,1,1,1478,0,8,14,231
BIOMD0000000169,weightedVars,1,1,1,1,0,1478,0,8,14,231
BIOMD0000000169,weightedVars,1,1,1,0,0,1478,0,8,14,231
BIOMD0000000169,weightedVars,1,1,0,1,1,868,1,0,0,225
BIOMD0000000169,weightedVars,1,1,0,1,0,868,1,0,0,225
BIOMD0000000169,weightedVars,1,1,0,0,0,868,1,0,0,225
BIOMD0000000169,weightedVars,1,0,1,1,1,1478,0,8,14,231
BIOMD0000000169,weightedVars,1,0,1,1,0,1478,0,8,14,231
BIOMD0000000169,weightedVars,1,0,1,0,0,1478,0,8,14,231
BIOMD0000000169,weightedVars,1,0,0,1,1,868,1,0,0,225
BIOMD0000000169,weightedVars,1,0,0,1,0,868,1,0,0,225
BIOMD0000000169,weightedVars,1,0,0,0,0,868,1,0,0,225
BIOMD0000000169,weightedVars,0,0,1,1,1,1478,0,8,14,231
BIOMD0000000169,weightedVars,0,0,1,1,0,1478,0,8,14,231
BIOMD0000000169,weightedVars,0,0,1,0,0,1478,0,8,14,231
BIOMD0000000169,weightedVars,0,0,0,1,1,1351,0,0,0,242
BIOMD0000000169,weightedVars,0,0,0,1,0,1351,0,0,0,242
BIOMD0000000169,weightedVars,0,0,0,0,0,1351,0,0,0,242
BIOMD0000000170,mostFreq,1,1,1,1,1,181,13,5,5,58
BIOMD0000000170,mostFreq,1,1,1,1,0,181,13,5,5,58
BIOMD0000000170,mostFreq,1,1,1,0,0,181,13,5,5,58
BIOMD0000000170,mostFreq,1,1,0,1,1,232,18,2,4,60
BIOMD0000000170,mostFreq,1,1,0,1,0,232,18,2,4,60
BIOMD0000000170,mostFreq,1,1,0,0,0,232,18,2,4,60
BIOMD0000000170,mostFreq,1,0,1,1,1,181,13,5,5,58
BIOMD0000000170,mostFreq,1,0,1,1,0,181,13,5,5,58
BIOMD0000000170,mostFreq,1,0,1,0,0,181,13,5,5,58
BIOMD0000000170,mostFreq,1,0,0,1,1,232,18,2,4,60
BIOMD0000000170,mostFreq,1,0,0,1,0,232,18,2,4,60
BIOMD0000000170,mostFreq,1,0,0,0,0,232,18,2,4,60
BIOMD0000000170,mostFreq,0,0,1,1,1,310,0,22,29,95
BIOMD0000000170,mostFreq,0,0,1,1,0,310,0,22,29,95
BIOMD0000000170,mostFreq,0,0,1,0,0,310,0,22,29,95
BIOMD0000000170,mostFreq,0,0,0,1,1,473,0,15,17,145
BIOMD0000000170,mostFreq,0,0,0,1,0,473,0,15,17,145
BIOMD0000000170,mostFreq,0,0,0,0,0,473,0,15,17,145
BIOMD0000000170,weightedVars,1,1,1,1,1,188,0,3,7,69
BIOMD0000000170,weightedVars,1,1,1,1,0,188,0,3,7,69
BIOMD0000000170,weightedVars,1,1,1,0,0,188,0,3,7,69
BIOMD0000000170,weightedVars,1,1,0,1,1,122,0,2,7,55
BIOMD0000000170,weightedVars,1,1,0,1,0,122,0,2,7,55
BIOMD0000000170,weightedVars,1,1,0,0,0,122,0,2,7,55
BIOMD0000000170,weightedVars,1,0,1,1,1,188,0,3,7,69
BIOMD0000000170,weightedVars,1,0,1,1,0,188,0,3,7,69
BIOMD0000000170,weightedVars,1,0,1,0,0,188,0,3,7,69
BIOMD0000000170,weightedVars,1,0,0,1,1,122,0,2,7,55
BIOMD0000000170,weightedVars,1,0,0,1,0,122,0,2,7,55
BIOMD0000000170,weightedVars,1,0,0,0,0,122,0,2,7,55
BIOMD0000000170,weightedVars,0,0,1,1,1,188,0,3,7,69
BIOMD0000000170,weightedVars,0,0,1,1,0,188,0,3,7,69
BIOMD0000000170,weightedVars,0,0,1,0,0,188,0,3,7,69
BIOMD0000000170,weightedVars,0,0,0,1,1,122,0,2,7,55
BIOMD0000000170,weightedVars,0,0,0,1,0,122,0,2,7,55
BIOMD0000000170,weightedVars,0,0,0,0,0,122,0,2,7,55
BIOMD0000000171,mostFreq,1,1,1,1,1,449,68,6,8,223
BIOMD0000000171,mostFreq,1,1,1,1,0,449,68,6,8,223
BIOMD0000000171,mostFreq,1,1,1,0,0,449,68,6,8,223
BIOMD0000000171,mostFreq,1,1,0,1,1,577,81,7,11,340
BIOMD0000000171,mostFreq,1,1,0,1,0,577,81,7,11,340
BIOMD0000000171,mostFreq,1,1,0,0,0,577,81,7,11,340
BIOMD0000000171,mostFreq,1,0,1,1,1,449,68,6,8,223
BIOMD0000000171,mostFreq,1,0,1,1,0,449,68,6,8,223
BIOMD0000000171,mostFreq,1,0,1,0,0,449,68,6,8,223
BIOMD0000000171,mostFreq,1,0,0,1,1,577,81,7,11,340
BIOMD0000000171,mostFreq,1,0,0,1,0,577,81,7,11,340
BIOMD0000000171,mostFreq,1,0,0,0,0,577,81,7,11,340
BIOMD0000000171,mostFreq,0,0,1,1,1,2160,0,107,320,564
BIOMD0000000171,mostFreq,0,0,1,1,0,2160,0,107,320,564
BIOMD0000000171,mostFreq,0,0,1,0,0,2160,0,107,320,564
BIOMD0000000171,mostFreq,0,0,0,1,1,2759,0,129,587,1029
BIOMD0000000171,mostFreq,0,0,0,1,0,2759,0,129,587,1029
BIOMD0000000171,mostFreq,0,0,0,0,0,2759,0,129,587,1029
BIOMD0000000171,weightedVars,1,1,1,1,1,229,0,7,18,84
BIOMD0000000171,weightedVars,1,1,1,1,0,229,0,7,18,84
BIOMD0000000171,weightedVars,1,1,1,0,0,229,0,7,18,84
BIOMD0000000171,weightedVars,1,1,0,1,1,405,0,9,51,123
BIOMD0000000171,weightedVars,1,1,0,1,0,405,0,9,51,123
BIOMD0000000171,weightedVars,1,1,0,0,0,405,0,9,51,123
BIOMD0000000171,weightedVars,1,0,1,1,1,229,0,7,18,84
BIOMD0000000171,weightedVars,1,0,1,1,0,229,0,7,18,84
BIOMD0000000171,weightedVars,1,0,1,0,0,229,0,7,18,84
BIOMD0000000171,weightedVars,1,0,0,1,1,405,0,9,51,123
BIOMD0000000171,weightedVars,1,0,0,1,0,405,0,9,51,123
BIOMD0000000171,weightedVars,1,0,0,0,0,405,0,9,51,123
BIOMD0000000171,weightedVars,0,0,1,1,1,229,0,7,18,84
BIOMD0000000171,weightedVars,0,0,1,1,0,229,0,7,18,84
BIOMD0000000171,weightedVars,0,0,1,0,0,229,0,7,18,84
BIOMD0000000171,weightedVars,0,0,0,1,1,405,0,9,51,123
BIOMD0000000171,weightedVars,0,0,0,1,0,405,0,9,51,123
BIOMD0000000171,weightedVars,0,0,0,0,0,405,0,9,51,123
BIOMD0000000173,mostFreq,1,1,1,1,1,29,2,1,1,14
BIOMD0000000173,mostFreq,1,1,1,1,0,29,2,1,1,14
BIOMD0000000173,mostFreq,1,1,1,0,0,29,2,1,1,14
BIOMD0000000173,mostFreq,1,1,0,1,1,31,2,1,1,14
BIOMD0000000173,mostFreq,1,1,0,1,0,31,2,1,1,14
BIOMD0000000173,mostFreq,1,1,0,0,0,31,2,1,1,14
BIOMD0000000173,mostFreq,1,0,1,1,1,29,2,1,1,14
BIOMD0000000173,mostFreq,1,0,1,1,0,29,2,1,1,14
BIOMD0000000173,mostFreq,1,0,1,0,0,29,2,1,1,14
BIOMD0000000173,mostFreq,1,0,0,1,1,31,2,1,1,14
BIOMD0000000173,mostFreq,1,0,0,1,0,31,2,1,1,14
BIOMD0000000173,mostFreq,1,0,0,0,0,31,2,1,1,14
BIOMD0000000173,mostFreq,0,0,1,1,1,47,0,6,9,22
BIOMD0000000173,mostFreq,0,0,1,1,0,47,0,6,9,22
BIOMD0000000173,mostFreq,0,0,1,0,0,47,0,6,9,22
BIOMD0000000173,mostFreq,0,0,0,1,1,50,0,6,9,22
BIOMD0000000173,mostFreq,0,0,0,1,0,50,0,6,9,22
BIOMD0000000173,mostFreq,0,0,0,0,0,50,0,6,9,22
BIOMD0000000173,weightedVars,1,1,1,1,1,87,0,5,12,36
BIOMD0000000173,weightedVars,1,1,1,1,0,87,0,5,12,36
BIOMD0000000173,weightedVars,1,1,1,0,0,87,0,5,12,36
BIOMD0000000173,weightedVars,1,1,0,1,1,82,0,6,16,41
BIOMD0000000173,weightedVars,1,1,0,1,0,82,0,6,16,41
BIOMD0000000173,weightedVars,1,1,0,0,0,82,0,6,16,41
BIOMD0000000173,weightedVars,1,0,1,1,1,87,0,5,12,36
BIOMD0000000173,weightedVars,1,0,1,1,0,87,0,5,12,36
BIOMD0000000173,weightedVars,1,0,1,0,0,87,0,5,12,36
BIOMD0000000173,weightedVars,1,0,0,1,1,82,0,6,16,41
BIOMD0000000173,weightedVars,1,0,0,1,0,82,0,6,16,41
BIOMD0000000173,weightedVars,1,0,0,0,0,82,0,6,16,41
BIOMD0000000173,weightedVars,0,0,1,1,1,87,0,5,12,36
BIOMD0000000173,weightedVars,0,0,1,1,0,87,0,5,12,36
BIOMD0000000173,weightedVars,0,0,1,0,0,87,0,5,12,36
BIOMD0000000173,weightedVars,0,0,0,1,1,82,0,6,16,41
BIOMD0000000173,weightedVars,0,0,0,1,0,82,0,6,16,41
BIOMD0000000173,weightedVars,0,0,0,0,0,82,0,6,16,41
BIOMD0000000228,mostFreq,1,1,1,1,1,2530,89,2,2,216
BIOMD0000000228,mostFreq,1,1,1,1,0,2530,89,2,2,216
BIOMD0000000228,mostFreq,1,1,1,0,0,2530,89,2,2,216
BIOMD0000000228,mostFreq,1,1,0,1,1,2429,91,150,156,371
BIOMD0000000228,mostFreq,1,1,0,1,0,2429,91,150,156,371
BIOMD0000000228,mostFreq,1,1,0,0,0,2429,91,150,156,371
BIOMD0000000228,mostFreq,1,0,1,1,1,2530,89,2,2,216
BIOMD0000000228,mostFreq,1,0,1,1,0,2530,89,2,2,216
BIOMD0000000228,mostFreq,1,0,1,0,0,2530,89,2,2,216
BIOMD0000000228,mostFreq,1,0,0,1,1,2429,91,150,156,371
BIOMD0000000228,mostFreq,1,0,0,1,0,2429,91,150,156,371
BIOMD0000000228,mostFreq,1,0,0,0,0,2429,91,150,156,371
BIOMD0000000228,mostFreq,0,0,1,1,1,7113,0,7,12,602
BIOMD0000000228,mostFreq,0,0,1,1,0,7113,0,7,12,602
BIOMD0000000228,mostFreq,0,0,1,0,0,7113,0,7,12,602
BIOMD0000000228,mostFreq,0,0,0,1,1,6581,0,399,648,1101
BIOMD0000000228,mostFreq,0,0,0,1,0,6581,0,399,648,1101
BIOMD0000000228,mostFreq,0,0,0,0,0,6581,0,399,648,1101
BIOMD0000000228,weightedVars,1,1,1,1,1,331,0,4,8,107
BIOMD0000000228,weightedVars,1,1,1,1,0,331,0,4,8,107
BIOMD0000000228,weightedVars,1,1,1,0,0,331,0,4,8,107
BIOMD0000000228,weightedVars,1,1,0,1,1,563,0,2,4,103
BIOMD0000000228,weightedVars,1,1,0,1,0,563,0,2,4,103
BIOMD0000000228,weightedVars,1,1,0,0,0,563,0,2,4,103
BIOMD0000000228,weightedVars,1,0,1,1,1,331,0,4,8,107
BIOMD0000000228,weightedVars,1,0,1,1,0,331,0,4,8,107
BIOMD0000000228,weightedVars,1,0,1,0,0,331,0,4,8,107
BIOMD0000000228,weightedVars,1,0,0,1,1,563,0,2,4,103
BIOMD0000000228,weightedVars,1,0,0,1,0,563,0,2,4,103
BIOMD0000000228,weightedVars,1,0,0,0,0,563,0,2,4,103
BIOMD0000000228,weightedVars,0,0,1,1,1,331,0,4,8,107
BIOMD0000000228,weightedVars,0,0,1,1,0,331,0,4,8,107
BIOMD0000000228,weightedVars,0,0,1,0,0,331,0,4,8,107
BIOMD0000000228,weightedVars,0,0,0,1,1,563,0,2,4,103
BIOMD0000000228,weightedVars,0,0,0,1,0,563,0,2,4,103
BIOMD0000000228,weightedVars,0,0,0,0,0,563,0,2,4,103
